steve, steve@mail.com 
terri, terri@email.com
Joe, jcasabona@gmail.com
Bob, bob@php.whatever
Jane, jane@casabona.org
Alice, alice@wonderland.com
Joe C, joe@casabona.org
Hobie, hobie.j@gmail.com
Roger, roger@roger-roger.com
Bill, bill@casabona.org
Kenny, kenny@casabona.org
Liam, will@i.am
Liam, will@i.am
Liam, will@i.am
Liam, will@i.am
Ollie, kickflip@vert.us
Ollie, kickflip@vert.us
Joe, joe@howibuilt.it
tyra, tyra@mail.com 
tyra, tyra@mail.com 
tyra, tyra@mail.com 
